{
  "generated_utc": "2026-07-13 14:15:11",
  "live": {
    "name": "LIVE \u2014 Paper Bot (Hybrid 60/40)",
    "ret": 0.033684100000000106,
    "pnl": 3368.4100000000035,
    "cagr": null,
    "vol": null,
    "sharpe": null,
    "dsr": null,
    "maxdd": -0.018878911566227785,
    "equity": 103368.41,
    "days": 17
  }
}