{
  "generated_utc": "2026-07-02 05:10:55",
  "live": {
    "name": "LIVE \u2014 Paper Bot (Hybrid 60/40)",
    "ret": 0.024079799999999985,
    "pnl": 2407.979999999996,
    "cagr": null,
    "vol": null,
    "sharpe": null,
    "dsr": null,
    "maxdd": -0.018878911566227785,
    "equity": 102407.98,
    "days": 10
  }
}