{
  "generated_utc": "2026-07-02 14:15:09",
  "live": {
    "name": "LIVE \u2014 Paper Bot (Hybrid 60/40)",
    "ret": 0.0197236999999999,
    "pnl": 1972.3699999999953,
    "cagr": null,
    "vol": null,
    "sharpe": null,
    "dsr": null,
    "maxdd": -0.018878911566227785,
    "equity": 101972.37,
    "days": 11
  }
}