{
  "generated_utc": "2026-07-08 20:15:13",
  "live": {
    "name": "LIVE \u2014 Paper Bot (Hybrid 60/40)",
    "ret": 0.02190650000000005,
    "pnl": 2190.649999999994,
    "cagr": null,
    "vol": null,
    "sharpe": null,
    "dsr": null,
    "maxdd": -0.018878911566227785,
    "equity": 102190.65,
    "days": 14
  }
}