{
  "generated_utc": "2026-07-10 20:15:18",
  "live": {
    "name": "LIVE \u2014 Paper Bot (Hybrid 60/40)",
    "ret": 0.02943830000000003,
    "pnl": 2943.8300000000017,
    "cagr": null,
    "vol": null,
    "sharpe": null,
    "dsr": null,
    "maxdd": -0.018878911566227785,
    "equity": 102943.83,
    "days": 16
  }
}