{
  "generated_utc": "2026-07-06 14:15:08",
  "live": {
    "name": "LIVE \u2014 Paper Bot (Hybrid 60/40)",
    "ret": 0.01897990000000016,
    "pnl": 1897.9900000000052,
    "cagr": null,
    "vol": null,
    "sharpe": null,
    "dsr": null,
    "maxdd": -0.018878911566227785,
    "equity": 101897.99,
    "days": 12
  }
}