{
  "generated_utc": "2026-07-15 14:15:09",
  "live": {
    "name": "LIVE \u2014 Paper Bot (Hybrid 60/40)",
    "ret": 0.0330938999999999,
    "pnl": 3309.3899999999994,
    "cagr": null,
    "vol": null,
    "sharpe": null,
    "dsr": null,
    "maxdd": -0.018878911566227785,
    "equity": 103309.39,
    "days": 19
  }
}