{
  "generated_utc": "2026-07-15 04:44:07",
  "live": {
    "name": "LIVE \u2014 Paper Bot (Hybrid 60/40)",
    "ret": 0.028585899999999942,
    "pnl": 2858.5899999999965,
    "cagr": null,
    "vol": null,
    "sharpe": null,
    "dsr": null,
    "maxdd": -0.018878911566227785,
    "equity": 102858.59,
    "days": 18
  }
}