{
  "generated_utc": "2026-07-07 20:15:14",
  "live": {
    "name": "LIVE \u2014 Paper Bot (Hybrid 60/40)",
    "ret": 0.026676000000000144,
    "pnl": 2667.600000000006,
    "cagr": null,
    "vol": null,
    "sharpe": null,
    "dsr": null,
    "maxdd": -0.018878911566227785,
    "equity": 102667.6,
    "days": 13
  }
}