{
  "generated_utc": "2026-06-30 13:49:14",
  "live": {
    "name": "LIVE \u2014 Paper Bot (Hybrid 60/40)",
    "ret": 0.016776300000000077,
    "pnl": 1677.6300000000047,
    "cagr": null,
    "vol": null,
    "sharpe": null,
    "dsr": null,
    "maxdd": -0.018878911566227785,
    "equity": 101677.63,
    "days": 9
  }
}