{
  "generated_utc": "2026-07-09 14:15:09",
  "live": {
    "name": "LIVE \u2014 Paper Bot (Hybrid 60/40)",
    "ret": 0.022675099999999837,
    "pnl": 2267.5099999999948,
    "cagr": null,
    "vol": null,
    "sharpe": null,
    "dsr": null,
    "maxdd": -0.018878911566227785,
    "equity": 102267.51,
    "days": 15
  }
}